USE foresthackDB;

DELETE FROM tree;
DELETE FROM phenology;
DELETE FROM user;
DELETE FROM plantedTree;
DELETE FROM report;

ALTER TABLE tree AUTO_INCREMENT = 1;

INSERT INTO tree(treeName, scientificName, familyName, conservationStatus, seedType, uses, seedCount) VALUES ("Akle", "Albizia acle", "Fabaceae", "NA", "gunstock, carving, sculpture, and musical instruments", "Orthodox", 597);
INSERT INTO tree(treeName, scientificName, familyName, conservationStatus, seedType, uses, seedCount) VALUES ("Almaciga", "Agathis philippinensis", "Araucariaceae", "NA", "resin from bark", "Recalcitrant", 0);
INSERT INTO tree(treeName, scientificName, familyName, conservationStatus, seedType, uses, seedCount) VALUES ("Almon", "Shorea almon", "Dipterocarpaceae", "Vulnerable", "plywood and furniture", "Recalcitrant", 660);
INSERT INTO tree(treeName, scientificName, familyName, conservationStatus, seedType, uses, seedCount) VALUES ("Amugis", "Koordersiodendron pinnatum", "Anacardiaceae", "Vulnerable", "flooring, construction, furniture, and cabinet work", "Recalcitrant", 430);
INSERT INTO tree(treeName, scientificName, familyName, conservationStatus, seedType, uses, seedCount) VALUES ("Apitong", "Dipterocarpus grandiflorus", "Dipterocarpaceae", "NA", "resin from bark", "Recalcitrant", 93);
INSERT INTO tree(treeName, scientificName, familyName, conservationStatus, seedType, uses, seedCount) VALUES ("Bagalunga", "Melia azedarach", "Meliaceae", "NA", "plywood, construction, furniture, lumber, and paneling", "Orthodox", 4162);
INSERT INTO tree(treeName, scientificName, familyName, conservationStatus, seedType, uses, seedCount) VALUES ("Bagtikan", "Parashorea malaanonan", "Dipterocarpaceae", "Critically Endangered", "construction, cabinet and furniture making, finishing, veneer, plywood, and particleboard", "Recalcitrant", 503);
INSERT INTO tree(treeName, scientificName, familyName, conservationStatus, seedType, uses, seedCount) VALUES ("Balakat gubat", "Balakata luzonica", "Euphorbiaceae", "Vulnerable", "plywood, particle board", "NA", 0);
INSERT INTO tree(treeName, scientificName, familyName, conservationStatus, seedType, uses, seedCount) VALUES ("Batino", "Alstonia macrophylla", "Sapotaceae", "NA", "furniture, splints, boxes, matches, and local medicine", "Orthodox", 365000);
INSERT INTO tree(treeName, scientificName, familyName, conservationStatus, seedType, uses, seedCount) VALUES ("Bitaog", "Calophyllum inophyllum", "Clusiaceae", "NA", "medicinal", "Orthodox/Intermediate", 210);
INSERT INTO tree(treeName, scientificName, familyName, conservationStatus, seedType, uses, seedCount) VALUES ("Dao", "Dracontomelon dao", "Anacardiaceae", "Vulnerable", "furniture, interior finishing, paneling, and cabinet work", "Orthodox", 1525);
INSERT INTO tree(treeName, scientificName, familyName, conservationStatus, seedType, uses, seedCount) VALUES ("Dita", "Alstonia scholaris", "Apocynaceae", "NA", "pulp", "Orthodox", 370000);
INSERT INTO tree(treeName, scientificName, familyName, conservationStatus, seedType, uses, seedCount) VALUES ("Igyo", "Dysoxylum gaudichaudianum", "Meliaceae", "NA", "light construction", "Intermediate", 1536);
INSERT INTO tree(treeName, scientificName, familyName, conservationStatus, seedType, uses, seedCount) VALUES ("Ipil", "Instia bijuga", "Fabaceae", "Endangered", "general purpose timber", "Orthodox", 184);
INSERT INTO tree(treeName, scientificName, familyName, conservationStatus, seedType, uses, seedCount) VALUES ("Kalantas", "Toona calantas", "Meliaceae", "Critically Endangered", "furniture, plywood, musical instruments", "Intermediate", 0);
INSERT INTO tree(treeName, scientificName, familyName, conservationStatus, seedType, uses, seedCount) VALUES ("Kamagong", "Diospyros blancoi", "Ebenaceae", "Critically Endangered", "furniture and carving and other handicraft", "Orthodox", 238);
INSERT INTO tree(treeName, scientificName, familyName, conservationStatus, seedType, uses, seedCount) VALUES ("Malapapaya", "Polyscias nodosa", "Araliaceae", "NA", "chopsticks, matchsticks", "Orthodox", 220000);
INSERT INTO tree(treeName, scientificName, familyName, conservationStatus, seedType, uses, seedCount) VALUES ("Molave", "Vitex parviflora", "Lamiaceae", "Endangered", "house building, ship building, and carving", "Orthodox", 8594);
INSERT INTO tree(treeName, scientificName, familyName, conservationStatus, seedType, uses, seedCount) VALUES ("Narra (Smooth)", "Pterocarpus indicus forma indicus", "Fabaceae", "Critically Endangered", "furniture", "Orthodox", 1603);
INSERT INTO tree(treeName, scientificName, familyName, conservationStatus, seedType, uses, seedCount) VALUES ("Narra (Prickly)", "Pterocarpus indicus forma echinatus", "Fabaceae", "Critically Endangered", "future, high quality", "Orthodox", 1794);
INSERT INTO tree(treeName, scientificName, familyName, conservationStatus, seedType, uses, seedCount) VALUES ("Palosapis", "Anisoptera thurifera", "Dipterocarpaceae", "Critically Endangered", "cabinetwork, paneling", "Recalcitrant", 900);
INSERT INTO tree(treeName, scientificName, familyName, conservationStatus, seedType, uses, seedCount) VALUES ("Tanguile", "Shorea polysperma", "Dipterocarpaceae", "Critically Endangered", "commercial timber and light construction", "Recalcitrant", 0);
INSERT INTO tree(treeName, scientificName, familyName, conservationStatus, seedType, uses, seedCount) VALUES ("Tindalo", "Afzelia rhoboidea", "Fabaceae", "Critically Endangered", "high grade furniture", "Orthodox", 230);
INSERT INTO tree(treeName, scientificName, familyName, conservationStatus, seedType, uses, seedCount) VALUES ("Toog", "Petersianthus quadrialatus", "Lecythidaceae", "NA", "heavy construction", "Recalcitrant", 20000);
INSERT INTO tree(treeName, scientificName, familyName, conservationStatus, seedType, uses, seedCount) VALUES ("White Lauan", "Shorea contorta", "Dipterocarpaceae", "Vulnerable", "commercial timber", "Recalcitrant", 160);

INSERT INTO phenology VALUES ("Akle", "September", "October", "March", "May-June");
INSERT INTO phenology VALUES ("Almaciga", "NA", "March", "NA", "October-November");
INSERT INTO phenology VALUES ("Almon", "NA", "March-May", "NA", "October-November");
INSERT INTO phenology VALUES ("Amugis", "April-December", "February", "NA", "July-August");
INSERT INTO phenology VALUES ("Bagalunga", "April-May","June", "July", "August-October");
INSERT INTO phenology VALUES ("Bagtikan", "October", "November-May", "June", "July-August");
INSERT INTO phenology VALUES ("Balakat gubat", "September-December", "February-June", "NA", "NA");
INSERT INTO phenology VALUES ("Batino", "NA", "July-November", "NA", "NA");
INSERT INTO phenology VALUES ("Bitaog", "January-May", "July-August", "September-October", "NA");
INSERT INTO phenology VALUES ("Dao", "April-May", "June", "August", "September-October");
INSERT INTO phenology VALUES ("Dita", "May-June", "July", "NA", "August-September");
INSERT INTO phenology VALUES ("Igyo", "June", "July-August", "October-November", "December-January");
INSERT INTO phenology VALUES ("Ipil", "November-December", "January-February", "April", "May-June");
INSERT INTO phenology VALUES ("Kalantas", "NA", "November", "February", "NA");
INSERT INTO phenology VALUES ("Kamagong", "December-January", "March-April", "May-June", "July-October");
INSERT INTO phenology VALUES ("Molave", "June-July", "August", "NA", "September-October");
INSERT INTO phenology VALUES ("Narra (Prickly)", "March-April", "May", "June", "September-October");
INSERT INTO phenology VALUES ("Narra (Smooth)", "March-April", "May-June", "July", "August-September");
INSERT INTO phenology VALUES ("Palosapis", "NA", "March-May", "NA", "September-October");
INSERT INTO phenology VALUES ("Tanguile", "May-December", "February", "March-August", "NA");
INSERT INTO phenology VALUES ("Tindalo", "NA", "March-April", "June-August", "September-December");
INSERT INTO phenology VALUES ("Toog", "NA", "NA", "NA", "December-February");
INSERT INTO phenology VALUES ("White Lauan", "February-March", "April-June", "July", "August");

INSERT INTO user VALUES ("jdcruz", "12345", "Juan Dela Cruz", "juanD@gmail.com", "09123456789", "employer");
INSERT INTO user VALUES ("jypark", "igot7", "Jin Young Park", "jypark@gmail.com", "09174426045", "employer");
INSERT INTO user VALUES ("narchibald", "xo4xo", "Nathaniel Archibald", "narchibald@gmail.com", "09955689231", "employer");
INSERT INTO user VALUES ("tstjames", "gg143", "Tiffany St. James", "tffnystjames@gmail.com", "09498761243", "employer");
INSERT INTO user VALUES ("mymina", "2wiceS", "Mina Myoui", "minarin@gmail.com", "09216789931", "employer");

INSERT INTO user VALUES ("pabpikaso", "qwerty", "Pablo Pikaso", "pabPik@gmail.com", "09987654321", "employee");
INSERT INTO user VALUES ("kimmontalla", "nEilC", "Kristine Montalla", "KimMon@gmail.com", "09957031014", "employee");
INSERT INTO user VALUES ("hdeguzman", "BaogAQ", "Hannah De Guzman", "hdeguzman@gmail.com", "09757869023", "employee");
INSERT INTO user VALUES ("byunbaek", "exol9", "Baekhyun Byun", "baekpuppy@gmail.com", "09459856713", "employee");
INSERT INTO user VALUES ("msgranger", "aCcIo", "Hermoine Granger", "hgranger@gmail.com", "09327654", "employee");

INSERT INTO plantedTree(treeName, owner, plantedBy, status) VALUES ("Tindalo", "mymina", "kimmontalla", "Healthy tree.");
INSERT INTO plantedTree(treeName, owner, plantedBy, status) VALUES ("Bagtikan", "jdcruz", "pabpikaso", "Healthy tree.");
INSERT INTO plantedTree(treeName, owner, plantedBy, status) VALUES ("Toog", "narchibald", "pabpikaso", "Healthy tree.");
INSERT INTO plantedTree(treeName, owner, plantedBy, status) VALUES ("Almaciga", "jypark", "msgranger", "Presece of scorching.");
INSERT INTO plantedTree(treeName, owner, plantedBy, status) VALUES ("Bagtikan", "jdcruz", "byunbaek", "Healthy tree.");
INSERT INTO plantedTree(treeName, owner, plantedBy, status) VALUES ("Kalantas", "mymina", "hdeguzman", "Healthy tree.");
INSERT INTO plantedTree(treeName, owner, plantedBy, status) VALUES ("Ipil", "jypark", "hdeguzman", "Have galls.");
INSERT INTO plantedTree(treeName, owner, plantedBy, status) VALUES ("Palosapis", "tstjames", "byunbaek", "Healthy tree.");
INSERT INTO plantedTree(treeName, owner, plantedBy, status) VALUES ("Molave", "tstjames", "msgranger", "Healthy tree.");
INSERT INTO plantedTree(treeName, owner, plantedBy, status) VALUES ("Kamagong", "narchibald", "kimmontalla", "Healthy tree.");

INSERT INTO report(treeName, employerUname, employeeUname, reportTxt) VALUES ("Tindalo", "mymina", "kimmontalla", "Ma'am the tree's diameter had increased significanly.");
INSERT INTO report(treeName, employerUname, employeeUname, reportTxt) VALUES ("Bagtikan", "jdcruz", "pabpikaso", "The tree is healthy sir!");
INSERT INTO report(treeName, employerUname, employeeUname, reportTxt) VALUES ("Toog", "narchibald", "pabpikaso", "The tree is showing signs of flowering");
INSERT INTO report(treeName, employerUname, employeeUname, reportTxt) VALUES ("Almaciga", "jypark", "msgranger", "The tree has scorching, sir. Your seed source must be of inferior mother tree.");
INSERT INTO report(treeName, employerUname, employeeUname, reportTxt) VALUES ("Bagtikan", "jdcruz", "byunbaek", "A your tree is healty just like you.");
INSERT INTO report(treeName, employerUname, employeeUname, reportTxt) VALUES ("Kalantas", "mymina", "hdeguzman", "There's no problem with the growth of your tree.");
INSERT INTO report(treeName, employerUname, employeeUname, reportTxt) VALUES ("Ipil", "jypark", "hdeguzman", "Galls have started to appear on your tree's leaves. Better check your seed source.");
INSERT INTO report(treeName, employerUname, employeeUname, reportTxt) VALUES ("Palosapis", "tstjames", "byunbaek", "Everything is alright ma'am");
INSERT INTO report(treeName, employerUname, employeeUname, reportTxt) VALUES ("Molave", "tstjames", "msgranger", "No problem encountered ma'am.");
INSERT INTO report(treeName, employerUname, employeeUname, reportTxt) VALUES ("Kamagong", "narchibald", "kimmontalla", "The tree is growing fast.");